[
  { "cidade": "Aguai", "dias_entrega": ["QUARTA", "SEXTA"], "vendedores_por_ramo": {"1": [],"2": [191]}, "observacao": "" },
  { "cidade": "Aguas da Prata", "dias_entrega": ["QUARTA"], "vendedores_por_ramo": {"1": [],"2": [191]}, "observacao": "" },
  { "cidade": "Aguas de Lindoia", "dias_entrega": ["TERCA"], "vendedores_por_ramo": {"1": [],"2": [86]}, "observacao": "" },
  { "cidade": "Aguas de São Pedro", "dias_entrega": ["TERCA"], "vendedores_por_ramo": {"1": [],"2": [207]}, "observacao": "" },
  { "cidade": "Americana", "dias_entrega": ["SEGUNDA", "TERCA", "QUARTA", "QUINTA", "SEXTA"], "vendedores_por_ramo": {"1": [],"2": [48]}, "observacao": "Rota de mercados" },
  { "cidade": "Américo Brasiliense", "dias_entrega": ["QUARTA", "SEXTA"], "vendedores_por_ramo": {"1": [],"2": []}, "observacao": "" },
  { "cidade": "Amparo", "dias_entrega": ["TERCA", "QUINTA"], "vendedores_por_ramo": {"1": [],"2": [86]}, "observacao": "" },
  { "cidade": "Andradas", "dias_entrega": ["QUINTA"], "vendedores_por_ramo": {"1": [],"2": []}, "observacao": "" },
  { "cidade": "Araraquara", "dias_entrega": ["QUARTA", "SEXTA"], "vendedores_por_ramo": {"1": [],"2": []}, "observacao": "" },
  { "cidade": "Araras", "dias_entrega": ["QUARTA", "QUINTA"], "vendedores_por_ramo": {"1": [],"2": [162]}, "observacao": "" },
  { "cidade": "Artur Nogueira", "dias_entrega": ["QUINTA"], "vendedores_por_ramo": {"1": [],"2": [123]}, "observacao": "" },
  { "cidade": "Bandeira do Sul", "dias_entrega": ["SABADO"], "vendedores_por_ramo": {"1": [],"2": []}, "observacao": "" },
  { "cidade": "Bariri", "dias_entrega": ["SEXTA"], "vendedores_por_ramo": {"1": [],"2": []}, "observacao": "" },
  { "cidade": "Barra Bonita", "dias_entrega": ["QUINTA"], "vendedores_por_ramo": {"1": [],"2": []}, "observacao": "" },
  { "cidade": "Boa Esperança do Sul", "dias_entrega": ["SEGUNDA"], "vendedores_por_ramo": {"1": [],"2": []}, "observacao": "Entrega quinzenal" },
  { "cidade": "Bocaina", "dias_entrega": ["QUARTA"], "vendedores_por_ramo": {"1": [],"2": []}, "observacao": "" },
  { "cidade": "Brotas", "dias_entrega": ["QUINTA"], "vendedores_por_ramo": {"1": [],"2": []}, "observacao": "" },
  { "cidade": "Campestre", "dias_entrega": ["SABADO"], "vendedores_por_ramo": {"1": [],"2": []}, "observacao": "" },
  { "cidade": "Campinas", "dias_entrega": ["TERCA", "QUINTA", "SABADO"], "vendedores_por_ramo": {"1": [],"2": [48,162]}, "observacao": "" },
  { "cidade": "Capivari", "dias_entrega": ["QUINTA"], "vendedores_por_ramo": {"1": [],"2": [207]}, "observacao": "" },
  { "cidade": "Casa Branca", "dias_entrega": ["SEXTA"], "vendedores_por_ramo": {"1": [],"2": [191]}, "observacao": "" },
  { "cidade": "Cerquilho", "dias_entrega": ["SEXTA"], "vendedores_por_ramo": {"1": [],"2": []}, "observacao": "" },
  { "cidade": "Charqueada", "dias_entrega": ["TERCA"], "vendedores_por_ramo": {"1": [],"2": [165]}, "observacao": "" },
  { "cidade": "Conchal", "dias_entrega": ["QUARTA"], "vendedores_por_ramo": {"1": [],"2": [162]}, "observacao": "" },
  { "cidade": "Conchas", "dias_entrega": ["SEXTA"], "vendedores_por_ramo": {"1": [],"2": []}, "observacao": "" },
  { "cidade": "Cordeiropolis", "dias_entrega": ["TERCA"], "vendedores_por_ramo": {"1": [],"2": [165]}, "observacao": "" },
  { "cidade": "Cordeirópolis", "dias_entrega": ["SEXTA"], "vendedores_por_ramo": {"1": [],"2": []}, "observacao": "" },
  { "cidade": "Cosmopolis", "dias_entrega": ["QUINTA"], "vendedores_por_ramo": {"1": [],"2": [86]}, "observacao": "" },
  { "cidade": "Descalvado", "dias_entrega": ["QUINTA"], "vendedores_por_ramo": {"1": [],"2": [162]}, "observacao": "" },
  { "cidade": "Divinolandia", "dias_entrega": ["SEXTA"], "vendedores_por_ramo": {"1": [],"2": []}, "observacao": "" },
  { "cidade": "Dois Córregos", "dias_entrega": ["QUINTA"], "vendedores_por_ramo": {"1": [],"2": []}, "observacao": "" },
  { "cidade": "Dourado", "dias_entrega": ["SEGUNDA"], "vendedores_por_ramo": {"1": [],"2": []}, "observacao": "Entrega quinzenal" },
  { "cidade": "Engenheiro Coelho", "dias_entrega": ["QUARTA", "SEXTA"], "vendedores_por_ramo": {"1": [],"2": [162]}, "observacao": "" },
  { "cidade": "Espirito Santo do Pinhal", "dias_entrega": ["QUINTA"], "vendedores_por_ramo": {"1": [],"2": [191]}, "observacao": "" },
  { "cidade": "Estiva Gerbi", "dias_entrega": ["QUARTA"], "vendedores_por_ramo": {"1": [],"2": [123]}, "observacao": "" },
  { "cidade": "Holambra", "dias_entrega": ["QUINTA"], "vendedores_por_ramo": {"1": [],"2": [86]}, "observacao": "" },
  { "cidade": "Hortolândia", "dias_entrega": ["TERCA", "QUINTA", "SABADO"], "vendedores_por_ramo": {"1": [],"2": [48,162]}, "observacao": "" },
  { "cidade": "Ibaté", "dias_entrega": ["QUARTA", "SEXTA"], "vendedores_por_ramo": {"1": [],"2": []}, "observacao": "" },
  { "cidade": "Igaraçu", "dias_entrega": ["QUINTA"], "vendedores_por_ramo": {"1": [],"2": []}, "observacao": "" },
  { "cidade": "Indaiatuba", "dias_entrega": ["TERCA", "QUINTA", "SABADO"], "vendedores_por_ramo": {"1": [],"2": []}, "observacao": "" },
  { "cidade": "Ipeuna", "dias_entrega": ["TERCA"], "vendedores_por_ramo": {"1": [],"2": [165]}, "observacao": "" },
  { "cidade": "Iracemápolis", "dias_entrega": ["QUARTA"], "vendedores_por_ramo": {"1": [],"2": [165]}, "observacao": "" },
  { "cidade": "Itapira", "dias_entrega": ["SEXTA"], "vendedores_por_ramo": {"1": [],"2": [123]}, "observacao": "" },
  { "cidade": "Itapuí", "dias_entrega": ["SEXTA"], "vendedores_por_ramo": {"1": [],"2": []}, "observacao": "" },
  { "cidade": "Itirapina", "dias_entrega": ["SEGUNDA"], "vendedores_por_ramo": {"1": [],"2": []}, "observacao": "Entrega quinzenal" },
  { "cidade": "Itu", "dias_entrega": ["TERCA", "QUINTA", "SABADO"], "vendedores_por_ramo": {"1": [],"2": []}, "observacao": "" },
  { "cidade": "Itupeva", "dias_entrega": ["SEGUNDA"], "vendedores_por_ramo": {"1": [],"2": []}, "observacao": "" },
  { "cidade": "Jacutinga", "dias_entrega": ["SEXTA"], "vendedores_por_ramo": {"1": [],"2": []}, "observacao": "" },
  { "cidade": "Jaguariuna", "dias_entrega": ["TERCA", "QUINTA"], "vendedores_por_ramo": {"1": [],"2": [86]}, "observacao": "" },
  { "cidade": "Jaú", "dias_entrega": ["QUARTA", "SEXTA"], "vendedores_por_ramo": {"1": [],"2": []}, "observacao": "" },
  { "cidade": "Jumirim", "dias_entrega": ["SEXTA"], "vendedores_por_ramo": {"1": [],"2": []}, "observacao": "" },
  { "cidade": "Laranjal Paulista", "dias_entrega": ["SEXTA"], "vendedores_por_ramo": {"1": [],"2": []}, "observacao": "" },
  { "cidade": "Leme", "dias_entrega": ["QUARTA", "QUINTA"], "vendedores_por_ramo": {"1": [],"2": [162]}, "observacao": "" },
  { "cidade": "Lençóis Paulista", "dias_entrega": ["QUARTA"], "vendedores_por_ramo": {"1": [],"2": []}, "observacao": "" },
  { "cidade": "Limeira", "dias_entrega": ["QUARTA", "SEXTA"], "vendedores_por_ramo": {"1": [],"2": [165]}, "observacao": "" },
  { "cidade": "Lindóia", "dias_entrega": ["TERCA"], "vendedores_por_ramo": {"1": [],"2": [86]}, "observacao": "" },
  { "cidade": "Louveira", "dias_entrega": ["QUINTA"], "vendedores_por_ramo": {"1": [],"2": []}, "observacao": "" },
  { "cidade": "Monte Alegre do Sul", "dias_entrega": ["QUINTA"], "vendedores_por_ramo": {"1": [],"2": [86]}, "observacao": "" },
  { "cidade": "Macatuba", "dias_entrega": ["QUARTA"], "vendedores_por_ramo": {"1": [],"2": []}, "observacao": "" },
  { "cidade": "Matão", "dias_entrega": ["SEGUNDA"], "vendedores_por_ramo": {"1": [],"2": []}, "observacao": "Entrega quinzenal" },
  { "cidade": "Mineiros", "dias_entrega": ["QUINTA"], "vendedores_por_ramo": {"1": [],"2": []}, "observacao": "" },
  { "cidade": "Mogi Guaçu", "dias_entrega": ["QUARTA", "SEXTA"], "vendedores_por_ramo": {"1": [],"2": [123]}, "observacao": "" },
  { "cidade": "Mogi Mirim", "dias_entrega": ["QUARTA", "SEXTA"], "vendedores_por_ramo": {"1": [],"2": [123]}, "observacao": "" },
  { "cidade": "Monte Mor", "dias_entrega": ["QUINTA"], "vendedores_por_ramo": {"1": [],"2": []}, "observacao": "" },
  { "cidade": "Monte Sião", "dias_entrega": ["SEXTA"], "vendedores_por_ramo": {"1": [],"2": []}, "observacao": "" },
  { "cidade": "Motuca", "dias_entrega": ["SEGUNDA"], "vendedores_por_ramo": {"1": [],"2": []}, "observacao": "Entrega quinzenal" },
  { "cidade": "Nova Odessa", "dias_entrega": ["TERCA", "QUARTA", "QUINTA"], "vendedores_por_ramo": {"1": [],"2": [48]}, "observacao": "" },
  { "cidade": "Ouro Fino", "dias_entrega": ["SEXTA"], "vendedores_por_ramo": {"1": [],"2": []}, "observacao": "" },
  { "cidade": "Paulínia", "dias_entrega": ["QUARTA"], "vendedores_por_ramo": {"1": [],"2": [48]}, "observacao": "" },
  { "cidade": "Pederneiras", "dias_entrega": ["SEXTA"], "vendedores_por_ramo": {"1": [],"2": []}, "observacao": "" },
  { "cidade": "Pedreira", "dias_entrega": ["TERCA", "QUINTA"], "vendedores_por_ramo": {"1": [],"2": [86]}, "observacao": "" },
  { "cidade": "Pereiras", "dias_entrega": ["SEXTA"], "vendedores_por_ramo": {"1": [],"2": []}, "observacao": "" },
  { "cidade": "Pinhalzinho", "dias_entrega": ["QUINTA"], "vendedores_por_ramo": {"1": [],"2": [86]}, "observacao": "" },
  { "cidade": "Piracicaba", "dias_entrega": ["TERCA", "QUARTA", "QUINTA", "SEXTA"], "vendedores_por_ramo": {"1": [],"2": [207]}, "observacao": "" },
  { "cidade": "Pirassununga", "dias_entrega": ["TERCA", "QUINTA"], "vendedores_por_ramo": {"1": [],"2": [162]}, "observacao": "" },
  { "cidade": "Poços de Caldas", "dias_entrega": ["TERCA", "QUINTA", "SABADO"], "vendedores_por_ramo": {"1": [],"2": []}, "observacao": "" },
  { "cidade": "Porto Feliz", "dias_entrega": ["QUARTA"], "vendedores_por_ramo": {"1": [],"2": []}, "observacao": "" },
  { "cidade": "Porto Ferreira", "dias_entrega": ["QUINTA"], "vendedores_por_ramo": {"1": [],"2": [162]}, "observacao": "" },
  { "cidade": "Ribeirão Bonito", "dias_entrega": ["SEGUNDA"], "vendedores_por_ramo": {"1": [],"2": []}, "observacao": "Entrega quinzenal" },
  { "cidade": "Rincão", "dias_entrega": ["SEGUNDA"], "vendedores_por_ramo": {"1": [],"2": []}, "observacao": "Entrega quinzenal" },
  { "cidade": "Rio Claro", "dias_entrega": ["TERCA", "SEXTA"], "vendedores_por_ramo": {"1": [],"2": [165]}, "observacao": "" },
  { "cidade": "Rio das Pedras", "dias_entrega": ["QUINTA"], "vendedores_por_ramo": {"1": [],"2": [207]}, "observacao": "" },
  { "cidade": "Saltinho", "dias_entrega": ["QUINTA"], "vendedores_por_ramo": {"1": [],"2": [207]}, "observacao": "" },
  { "cidade": "Salto", "dias_entrega": ["TERCA", "QUINTA", "SABADO"], "vendedores_por_ramo": {"1": [],"2": []}, "observacao": "" },
  { "cidade": "Santa Barbara D'oeste", "dias_entrega": ["SEGUNDA", "TERCA", "QUARTA", "QUINTA", "SEXTA"], "vendedores_por_ramo": {"1": [],"2": [48]}, "observacao": "" },
  { "cidade": "Santa Cruz da Conceição", "dias_entrega": ["TERCA"], "vendedores_por_ramo": {"1": [],"2": [162]}, "observacao": "" },
  { "cidade": "Santa Cruz das Palmeiras", "dias_entrega": ["TERCA"], "vendedores_por_ramo": {"1": [],"2": [162]}, "observacao": "" },
  { "cidade": "Santa Gertrudes", "dias_entrega": ["TERCA", "SEXTA"], "vendedores_por_ramo": {"1": [],"2": [165]}, "observacao": "" },
  { "cidade": "Santa Lucia", "dias_entrega": ["SEGUNDA"], "vendedores_por_ramo": {"1": [],"2": []}, "observacao": "Entrega quinzenal" },
  { "cidade": "Santa Maria da Serra", "dias_entrega": ["TERCA"], "vendedores_por_ramo": {"1": [],"2": [207]}, "observacao": "" },
  { "cidade": "Santa Rita do Passa Quatro", "dias_entrega": ["SEXTA"], "vendedores_por_ramo": {"1": [],"2": [162]}, "observacao": "" },
  { "cidade": "Santo Antonio de Posse", "dias_entrega": ["QUINTA"], "vendedores_por_ramo": {"1": [],"2": [86]}, "observacao": "" },
  { "cidade": "São Carlos", "dias_entrega": ["QUARTA", "SEXTA"], "vendedores_por_ramo": {"1": [],"2": []}, "observacao": "" },
  { "cidade": "São João da Boa Vista", "dias_entrega": ["QUARTA", "SEXTA"], "vendedores_por_ramo": {"1": [],"2": [191]}, "observacao": "" },
  { "cidade": "São José do Rio Pardo", "dias_entrega": ["SEXTA"], "vendedores_por_ramo": {"1": [],"2": []}, "observacao": "" },
  { "cidade": "São Pedro", "dias_entrega": ["TERCA"], "vendedores_por_ramo": {"1": [],"2": [207]}, "observacao": "" },
  { "cidade": "São Sebastião da Grama", "dias_entrega": ["SEXTA"], "vendedores_por_ramo": {"1": [],"2": []}, "observacao": "" },
  { "cidade": "Serra Negra", "dias_entrega": ["SEXTA"], "vendedores_por_ramo": {"1": [],"2": [86]}, "observacao": "" },
  { "cidade": "Socorro", "dias_entrega": ["TERCA", "SEXTA"], "vendedores_por_ramo": {"1": [],"2": [86]}, "observacao": "" },
  { "cidade": "Sorocaba", "dias_entrega": ["QUARTA", "SEXTA"], "vendedores_por_ramo": {"1": [],"2": []}, "observacao": "" },
  { "cidade": "Sumaré", "dias_entrega": ["TERCA", "QUARTA", "QUINTA", "SABADO"], "vendedores_por_ramo": {"1": [],"2": [48,162]}, "observacao": "Rota de mercados" },
  { "cidade": "Tambaú", "dias_entrega": ["SEXTA"], "vendedores_por_ramo": {"1": [],"2": [162]}, "observacao": "" },
  { "cidade": "Tietê", "dias_entrega": ["SEXTA"], "vendedores_por_ramo": {"1": [],"2": []}, "observacao": "" },
  { "cidade": "Torrinha", "dias_entrega": ["QUINTA"], "vendedores_por_ramo": {"1": [],"2": []}, "observacao": "" },
  { "cidade": "Trabiju", "dias_entrega": ["SEGUNDA"], "vendedores_por_ramo": {"1": [],"2": []}, "observacao": "Entrega quinzenal" },
  { "cidade": "Valinhos", "dias_entrega": ["QUINTA"], "vendedores_por_ramo": {"1": [],"2": []}, "observacao": "" },
  { "cidade": "Vargem Grande do Sul", "dias_entrega": ["QUARTA", "SEXTA"], "vendedores_por_ramo": {"1": [],"2": [191]}, "observacao": "" },
  { "cidade": "Vinhedo", "dias_entrega": ["QUINTA"], "vendedores_por_ramo": {"1": [],"2": []}, "observacao": "" },
  { "cidade": "Votorantim", "dias_entrega": ["QUARTA"], "vendedores_por_ramo": {"1": [],"2": []}, "observacao": "" }
]